post,topic
The athlete won a gold medal at the Olympics.,sports
The legislation was passed after a long debate in the Senate.,politics
The discovery of the Higgs boson at CERN marked a milestone in particle physics.,science
The swimmer broke the world record in the 100-meter freestyle.,sports
The bill received bipartisan support and was signed into law by the president.,politics
The recent findings on black holes have revolutionized our understanding of space-time.,science
The spacecraft successfully docked with the International Space Station.,science
The gymnast captured the audience's hearts and took home the bronze medal.,sports
"After months of negotiations, the climate accord was finally agreed upon by the majority of nations.",politics
"Scientists successfully cloned a sheep, sparking ethical debates worldwide.",science
The athlete won a gold medal at the Olympics.,sports
The legislation was passed after a long debate in the Senate.,politics
The discovery of the Higgs boson at CERN marked a milestone in particle physics.,science
The swimmer broke the world record in the 100-meter freestyle.,sports
The bill received bipartisan support and was signed into law by the president.,politics
The recent findings on black holes have revolutionized our understanding of space-time.,science
The spacecraft successfully docked with the International Space Station.,science
The gymnast captured the audience's hearts and took home the bronze medal.,sports
"After months of negotiations, the climate accord was finally agreed upon by the majority of nations.",politics
"Scientists successfully cloned a sheep, sparking ethical debates worldwide.",science
The stock market reached a record high today.,politics
The soccer team won the championship match.,sports
Astronomers observed a supernova in a distant galaxy.,science
The prime minister announced a new economic policy.,politics
The marathon runner completed the race in record time.,sports
Researchers made a breakthrough in cancer treatment.,science
The president gave a speech on healthcare reform.,politics
The basketball player scored 50 points in a single game.,sports
Physicists confirmed the existence of gravitational waves.,science
The Senate passed a bill to fund education.,politics
The tennis player won the Wimbledon championship.,sports
Scientists discovered a new species of deep-sea fish.,science
The mayor unveiled a plan for urban development.,politics
The baseball team won the World Series.,sports
Astronomers detected a new exoplanet in a distant solar system.,science
The government announced tax cuts for small businesses.,politics
The hockey team won the Stanley Cup.,sports
Chemists synthesized a new compound with potential medical applications.,science
The congress passed a resolution on climate change.,politics
The golfer won the Masters Tournament.,sports
Biologists identified a new species of bird in the rainforest.,science
The governor proposed a budget increase for healthcare.,politics
The swimmer set a new world record in the 200-meter butterfly.,sports
Astronomers observed a solar eclipse from a remote location.,science
The president signed a trade agreement with a foreign nation.,politics
The track and field athlete broke the long jump world record.,sports
Geologists discovered a new fault line in California.,science
The mayor held a town hall meeting to address community concerns.,politics
The soccer team advanced to the finals of the tournament.,sports
Physicists conducted experiments with quantum entanglement.,science
The congress debated immigration reform.,politics
The cyclist won the Tour de France.,sports
Astronomers detected a new comet in the night sky.,science
The prime minister gave a speech on national security.,politics
The skier won a gold medal in the downhill race.,sports
Biologists published a study on the decline of bee populations.,science
The Senate approved funding for a new infrastructure project.,politics
The football team made it to the playoffs.,sports
Chemists developed a new method for water purification.,science
The governor announced a plan to address homelessness.,politics
The swimmer qualified for the Olympics.,sports
Astronomers observed a lunar eclipse from a remote observatory.,science
The president signed a bill to increase military spending.,politics
The gymnast won the all-around competition.,sports
Geologists studied volcanic activity in the Pacific Ring of Fire.,science
The city council passed a resolution on affordable housing.,politics
The basketball team won the NBA championship.,sports
Physicists conducted experiments with particle accelerators.,science
The congress debated healthcare legislation.,politics
The golfer won the US Open.,sports
Biologists discovered a new species of plant in the Amazon rainforest.,science
The mayor announced a plan to improve public transportation.,politics
The hockey team clinched the playoffs spot.,sports
Astronomers detected a pulsar in a distant galaxy.,science
The prime minister addressed the nation on education reform.,politics
The tennis player won the US Open.,sports
Chemists synthesized a new material with superconducting properties.,science
The Senate passed a bill to increase minimum wage.,politics
The baseball player hit a grand slam in the final inning.,sports
The president signed an executive order on cybersecurity.,politics
The runner set a new world record in the 400-meter dash.,sports
Biologists conducted research on climate change's impact on ecosystems.,science
The city council approved funding for a new park.,politics
The soccer player scored a hat-trick in the championship match.,sports
Astronomers discovered a new asteroid in the solar system.,science
The governor unveiled a plan for environmental conservation.,politics
The swimmer won a silver medal at the World Championships.,sports
Physicists observed a rare cosmic event in deep space.,science
The congress debated tax reform.,politics
The skier competed in the Winter Olympics.,sports
Geologists analyzed the geological history of a national park.,science
The president gave a speech on immigration policy.,politics
The basketball team made it to the playoffs.,sports
Chemists developed a new vaccine against a deadly disease.,science
The mayor announced a plan to reduce crime rates in the city.,politics
The golfer won the Masters Tournament.,sports
Biologists studied the migration patterns of birds.,science
The hockey team won the Stanley Cup.,sports
Astronomers observed a supernova in a distant galaxy.,science
The prime minister addressed the nation on economic recovery.,politics
